000, LawnAndGarden
001, dresses
002, dresses
003, electronics
004, shoes
005, jackets
006, LawnAndGarden
007, dresses
008, electronics
009, shoes
010, electronics
011, dresses
012, jackets
013, shoes
014, electronics
015, jackets
016, jackets
017, LawnAndGarden
018, coates
019, jackets
020, electronics
021, shoes
022, LawnAndGarden
023, dresses
024, dresses
025, LawnAndGarden
026, dresses
027, LawnAndGarden
028, jackets
029, coates
030, electronics
031, jackets
032, coates
033, coates
034, electronics
035, jackets
036, shoes
037, jackets
038, shoes
039, coates
040, jackets
041, dresses
042, dresses
043, shoes
044, jackets
045, shoes
046, shoes
047, electronics
048, dresses
049, shoes
050, coates
051, dresses
052, shoes
053, jackets
054, LawnAndGarden
055, LawnAndGarden
056, dresses
057, jackets
058, LawnAndGarden
059, coates
060, electronics
061, jackets
062, electronics
063, jackets
064, dresses
065, shoes
066, dresses
067, dresses
068, dresses
069, shoes
070, shoes
071, shoes
072, shoes
073, shoes
074, shoes
075, LawnAndGarden
076, LawnAndGarden
077, shoes
078, electronics
079, shoes
080, shoes
081, dresses
082, dresses
083, jackets
084, dresses
085, dresses
086, LawnAndGarden
087, dresses
088, electronics
089, dresses
090, electronics
091, dresses
092, shoes
093, jackets
094, electronics
095, electronics
096, shoes
097, shoes
098, LawnAndGarden
099, electronics
100, dresses
101, shoes
102, electronics
103, LawnAndGarden
104, electronics
105, dresses
106, LawnAndGarden
107, shoes
108, jackets
109, electronics
110, electronics
111, coates
112, shoes
113, shoes
114, dresses
115, LawnAndGarden
116, coates
117, jackets
118, shoes
119, electronics
120, dresses
121, electronics
122, electronics
123, shoes
124, dresses
125, jackets
126, coates
127, coates
128, electronics
129, jackets
130, jackets
131, shoes
132, jackets
133, electronics
134, dresses
135, electronics
136, coates
137, electronics
138, shoes
139, jackets
140, jackets
141, jackets
142, shoes
143, shoes
144, shoes
145, dresses
146, coates
147, shoes
148, electronics
149, coates
150, dresses
151, dresses
152, dresses
153, dresses
154, coates
155, shoes
156, electronics
157, jackets
158, jackets
159, shoes
160, coates
161, shoes
162, dresses
163, LawnAndGarden
164, coates
165, electronics
166, shoes
167, dresses
168, shoes
169, coates
170, dresses
171, shoes
172, electronics
173, jackets
174, electronics
175, jackets
176, electronics
177, shoes
178, dresses
179, dresses
180, dresses
181, shoes
182, coates
183, shoes
184, dresses
185, electronics
186, LawnAndGarden
187, electronics
188, coates
189, dresses
190, shoes
191, coates
192, shoes
193, jackets
194, jackets
195, jackets
196, jackets
197, shoes
198, dresses
199, coates
200, shoes
201, electronics
202, dresses
203, electronics
204, dresses
205, electronics
206, LawnAndGarden
207, electronics
208, jackets
209, shoes
210, shoes
211, LawnAndGarden
212, electronics
213, jackets
214, jackets
215, dresses
216, shoes
217, shoes
218, electronics
219, coates
220, dresses
221, electronics
222, coates
223, dresses
224, dresses
225, electronics
226, LawnAndGarden
227, dresses
228, dresses
229, electronics
230, coates
231, LawnAndGarden
232, electronics
233, electronics
234, electronics
235, electronics
236, LawnAndGarden
237, jackets
238, shoes
239, shoes
240, dresses
241, dresses
242, electronics
243, dresses
244, jackets
245, coates
246, coates
247, electronics
248, LawnAndGarden
249, electronics
250, shoes
251, jackets
252, shoes
253, electronics
254, electronics
255, dresses
256, dresses
257, coates
258, coates
259, dresses
260, jackets
261, coates
262, jackets
263, electronics
264, electronics
265, coates
266, LawnAndGarden
267, jackets
268, coates
269, electronics
270, dresses
271, electronics
272, coates
273, electronics
274, dresses
275, dresses
276, shoes
277, dresses
278, dresses
279, electronics
280, jackets
281, electronics
282, jackets
283, electronics
284, shoes
285, electronics
286, shoes
287, jackets
288, coates
289, electronics
290, dresses
291, LawnAndGarden
292, shoes
293, LawnAndGarden
294, dresses
295, coates
296, jackets
297, shoes
298, dresses
299, dresses
300, shoes
301, LawnAndGarden
302, electronics
303, LawnAndGarden
304, LawnAndGarden
305, LawnAndGarden
306, shoes
307, LawnAndGarden
308, shoes
309, shoes
310, electronics
311, electronics
312, jackets
313, coates
314, jackets
315, shoes
316, dresses
317, dresses
318, electronics
319, jackets
320, LawnAndGarden
321, jackets
322, coates
323, LawnAndGarden
324, coates
325, jackets
326, shoes
327, jackets
328, jackets
329, shoes
330, jackets
331, electronics
332, dresses
333, shoes
334, coates
335, shoes
336, LawnAndGarden
337, jackets
338, electronics
339, shoes
340, dresses
341, electronics
342, shoes
343, shoes
344, LawnAndGarden
345, electronics
346, shoes
347, LawnAndGarden
348, dresses
349, LawnAndGarden
350, shoes
351, shoes
352, LawnAndGarden
353, electronics
354, coates
355, electronics
356, dresses
357, coates
358, dresses
359, electronics
360, shoes
361, electronics
362, dresses
363, electronics
364, dresses
365, jackets
366, dresses
367, shoes
368, electronics
369, dresses
370, jackets
371, electronics
372, shoes
373, jackets
374, dresses
375, electronics
376, LawnAndGarden
377, coates
378, electronics
379, jackets
380, LawnAndGarden
381, dresses
382, jackets
383, LawnAndGarden
384, electronics
385, LawnAndGarden
386, jackets
387, shoes
388, dresses
389, jackets
390, electronics
391, shoes
392, shoes
393, dresses
394, dresses
395, shoes
396, coates
397, dresses
398, jackets
399, coates
400, shoes
401, coates
402, electronics
403, shoes
404, coates
405, LawnAndGarden
406, dresses
407, dresses
408, dresses
409, electronics
410, dresses
411, dresses
412, dresses
413, dresses
414, electronics
415, coates
416, LawnAndGarden
417, LawnAndGarden
418, jackets
419, LawnAndGarden
420, shoes
421, jackets
422, shoes
423, LawnAndGarden
424, dresses
425, coates
426, electronics
427, electronics
428, coates
429, dresses
430, dresses
431, jackets
432, dresses
433, jackets
434, shoes
435, LawnAndGarden
436, LawnAndGarden
437, electronics
438, coates
439, LawnAndGarden
440, coates
441, dresses
442, electronics
443, shoes
444, LawnAndGarden
445, electronics
446, coates
447, jackets
448, coates
449, coates
450, shoes
451, shoes
452, jackets
453, dresses
454, LawnAndGarden
455, coates
456, jackets
457, shoes
458, LawnAndGarden
459, shoes
460, jackets
461, dresses
462, electronics
463, jackets
464, shoes
465, LawnAndGarden
466, shoes
467, electronics
468, dresses
469, shoes
470, dresses
471, LawnAndGarden
472, shoes
473, electronics
474, dresses
475, LawnAndGarden
476, dresses
477, jackets
478, LawnAndGarden
479, dresses
480, dresses
481, jackets
482, electronics
483, coates
484, LawnAndGarden
485, shoes
486, LawnAndGarden
487, electronics
488, LawnAndGarden
489, jackets
490, jackets
491, electronics
492, electronics
493, jackets
494, shoes
495, electronics
496, shoes
497, electronics
498, dresses
499, shoes
500, jackets
501, jackets
502, dresses
503, shoes
504, shoes
505, electronics
506, shoes
507, electronics
508, dresses
509, electronics
510, dresses
511, electronics
512, dresses
513, coates
514, jackets
515, shoes
516, electronics
517, coates
518, jackets
519, LawnAndGarden
520, dresses
521, shoes
522, LawnAndGarden
523, LawnAndGarden
524, shoes
525, jackets
526, dresses
527, electronics
528, coates
529, LawnAndGarden
530, dresses
531, dresses
532, LawnAndGarden
533, electronics
534, electronics
535, coates
536, shoes
537, electronics
538, LawnAndGarden
539, dresses
540, electronics
541, jackets
542, shoes
543, jackets
544, dresses
545, jackets
546, shoes
547, coates
548, LawnAndGarden
549, LawnAndGarden
550, electronics
551, dresses
552, shoes
553, dresses
554, electronics
555, electronics
556, jackets
557, shoes
558, shoes
559, jackets
560, electronics
561, jackets
562, dresses
563, LawnAndGarden
564, jackets
565, jackets
566, shoes
567, dresses
568, dresses
569, jackets
570, dresses
571, electronics
572, jackets
573, electronics
574, dresses
575, shoes
576, electronics
577, coates
578, LawnAndGarden
579, electronics
580, dresses
581, jackets
582, dresses
583, jackets
584, jackets
585, dresses
586, dresses
587, dresses
588, shoes
589, LawnAndGarden
590, jackets
591, dresses
592, dresses
593, shoes
594, dresses
595, dresses
596, jackets
597, dresses
598, jackets
599, jackets
600, jackets
601, dresses
602, electronics
603, LawnAndGarden
604, shoes
605, jackets
606, coates
607, shoes
608, jackets
609, jackets
610, electronics
611, jackets
612, electronics
613, dresses
614, shoes
615, shoes
616, shoes
617, jackets
618, shoes
619, electronics
620, dresses
621, dresses
622, jackets
623, electronics
624, LawnAndGarden
625, coates
626, electronics
627, coates
628, dresses
629, LawnAndGarden
630, shoes
631, jackets
632, electronics
633, dresses
634, coates
635, shoes
636, coates
637, coates
638, shoes
639, dresses
640, shoes
641, electronics
642, coates
643, dresses
644, shoes
645, electronics
646, electronics
647, dresses
648, electronics
649, electronics
650, LawnAndGarden
651, dresses
652, shoes
653, LawnAndGarden
654, dresses
655, coates
656, electronics
657, jackets
658, electronics
659, dresses
660, jackets
661, dresses
662, electronics
663, jackets
664, shoes
665, electronics
666, LawnAndGarden
667, jackets
668, shoes
669, jackets
670, shoes
671, electronics
672, electronics
673, dresses
674, electronics
675, dresses
676, shoes
677, electronics
678, dresses
679, dresses
680, LawnAndGarden
681, shoes
682, shoes
683, coates
684, shoes
685, jackets
686, jackets
687, dresses
688, electronics
689, LawnAndGarden
690, electronics
691, jackets
692, dresses
693, electronics
694, shoes
695, electronics
696, LawnAndGarden
697, jackets
698, coates
699, dresses
700, dresses
701, shoes
702, jackets
703, jackets
704, jackets
705, dresses
706, dresses
707, dresses
708, jackets
709, shoes
710, dresses
711, electronics
712, electronics
713, dresses
714, dresses
715, shoes
716, electronics
717, electronics
718, shoes
719, jackets
720, electronics
721, LawnAndGarden
722, shoes
723, electronics
724, electronics
725, shoes
726, dresses
727, shoes
728, electronics
729, electronics
730, coates
731, electronics
732, LawnAndGarden
733, LawnAndGarden
734, shoes
735, LawnAndGarden
736, jackets
737, electronics
738, jackets
739, dresses
740, jackets
741, shoes
742, electronics
743, dresses
744, shoes
745, shoes
746, dresses
747, dresses
748, shoes
749, shoes
750, coates
751, dresses
752, shoes
753, dresses
754, electronics
755, dresses
756, jackets
757, shoes
758, shoes
759, dresses
760, dresses
761, LawnAndGarden
762, jackets
763, LawnAndGarden
764, jackets
765, dresses
766, jackets
767, dresses
768, dresses
769, electronics
770, electronics
771, jackets
772, electronics
773, electronics
774, jackets
775, shoes
776, dresses
777, electronics
778, electronics
779, LawnAndGarden
780, jackets
781, shoes
782, coates
783, shoes
784, coates
785, jackets
786, dresses
787, LawnAndGarden
788, jackets
789, shoes
790, dresses
791, electronics
792, dresses
793, dresses
794, LawnAndGarden
795, jackets
796, electronics
797, electronics
798, jackets
799, electronics
800, LawnAndGarden
801, jackets
802, electronics
803, jackets
804, jackets
805, jackets
806, dresses
807, dresses
808, coates
809, dresses
810, shoes
811, jackets
812, shoes
813, electronics
814, jackets
815, shoes
816, shoes
817, jackets
818, coates
819, LawnAndGarden
820, jackets
821, dresses
822, dresses
823, dresses
824, shoes
825, jackets
826, shoes
827, electronics
828, jackets
829, jackets
830, electronics
831, jackets
832, jackets
833, coates
834, coates
835, electronics
836, coates
837, coates
838, jackets
839, coates
840, electronics
841, coates
842, electronics
843, coates
844, coates
845, LawnAndGarden
846, shoes
847, jackets
848, jackets
849, dresses
850, jackets
851, jackets
852, dresses
853, coates
854, shoes
855, electronics
856, LawnAndGarden
857, shoes
858, electronics
859, electronics
860, shoes
861, dresses
862, jackets
863, electronics
864, electronics
865, shoes
866, LawnAndGarden
867, LawnAndGarden
868, shoes
869, dresses
870, dresses
871, shoes
872, electronics
873, electronics
874, dresses
875, LawnAndGarden
876, shoes
877, shoes
878, coates
879, shoes
880, jackets
881, jackets
882, shoes
883, electronics
884, coates
885, dresses
886, LawnAndGarden
887, shoes
888, electronics
889, dresses
890, jackets
891, jackets
892, coates
893, electronics
894, coates
895, LawnAndGarden
896, LawnAndGarden
897, shoes
898, jackets
899, shoes
900, jackets
901, jackets
902, jackets
903, dresses
904, electronics
905, electronics
906, LawnAndGarden
907, coates
908, shoes
909, electronics
910, jackets
911, jackets
912, dresses
913, dresses
914, dresses
915, shoes
916, shoes
917, shoes
918, shoes
919, LawnAndGarden
920, coates
921, electronics
922, shoes
923, coates
924, LawnAndGarden
925, shoes
926, shoes
927, shoes
928, electronics
929, electronics
930, LawnAndGarden
931, electronics
932, shoes
933, LawnAndGarden
934, LawnAndGarden
935, LawnAndGarden
936, dresses
937, electronics
938, LawnAndGarden
939, dresses
940, dresses
941, jackets
942, electronics
943, LawnAndGarden
944, jackets
945, LawnAndGarden
946, electronics
947, coates
948, shoes
949, jackets
950, dresses
951, dresses
952, jackets
953, LawnAndGarden
954, jackets
955, jackets
956, shoes
957, jackets
958, coates
959, jackets
960, jackets
961, shoes
962, jackets
963, coates
964, LawnAndGarden
965, dresses
966, dresses
967, shoes
968, dresses
969, jackets
970, dresses
971, dresses
972, jackets
973, jackets
974, shoes
975, shoes
976, dresses
977, dresses
978, dresses
979, dresses
980, electronics
981, dresses
982, shoes
983, dresses
984, jackets
985, electronics
986, electronics
987, jackets
988, dresses
989, jackets
990, jackets
991, shoes
992, shoes
993, electronics
994, electronics
995, shoes
996, shoes
997, electronics
998, jackets
